<?xml version="1.0" encoding="UTF-8"?>
<beans xmlns="http://www.springframework.org/schema/beans"
xmlns:cts="http://www.springframework.org/schema/context"
    xmlns:xsi="http://www.w3.org/2001/XMLSchema-instance"
    xsi:schemaLocation="
        http://www.springframework.org/schema/beans
         http://www.springframework.org/schema/beans/spring-beans.xsd
         
         http://www.springframework.org/schema/context
         http://www.springframework.org/schema/context/spring-context.xsd
        ">

    <!-- bean definitions here -->
<!--     <bean id="services"  class="com.cg.java.services.EmployeeServices"   scope="prototype">
    
    </bean>
 -->
<!--  <bean id="empServices"  class="com.cg.java.services.EmployeeServices"   scope="singleton"  lazy-init="true">
    <property name="companyName"  value="CapgeminiPUNE"></property>
     <property name="address"  value="talwade"></property>
         <property name="services"  ref="salServices">  </property>
    
    </bean> -->
    
    <bean id="empServices"  class="com.cg.java.services.EmployeeServices"   scope="singleton"  lazy-init="true">
    <constructor-arg  value="Capgrmini,Pune"></constructor-arg>
     <constructor-arg  value="talwade"></constructor-arg>
     <constructor-arg  value="800000"></constructor-arg>
       <property name="services"  ref="salServices">  </property>
  
    </bean> 
    
    
    <bean id="salServices"  class="com.cg.java.services.SalaryServices"   scope="singleton"  lazy-init="true">

    </bean>
</beans>
