<?xml version="1.0" encoding="UTF-8"?>
<beans xmlns="http://www.springframework.org/schema/beans"
xmlns:cts="http://www.springframework.org/schema/context"
    xmlns:xsi="http://www.w3.org/2001/XMLSchema-instance"
    xsi:schemaLocation="
        http://www.springframework.org/schema/beans
         http://www.springframework.org/schema/beans/spring-beans.xsd
         
         http://www.springframework.org/schema/context
         http://www.springframework.org/schema/context/spring-context.xsd
         ">
  
     <cts:component-scan base-package="com.cg.web.controllers"></cts:component-scan>
      <cts:component-scan base-package="com.cg.core.services,com.cg.core.dao"></cts:component-scan>
   
    <bean class="org.springframework.web.servlet.view.InternalResourceViewResolver">
    <property name="prefix" value="/WEB-INF/jsps/" />
    <property name="suffix" value=".jsp" />
</bean>


<bean id = "dataSource"  class = "org.springframework.jdbc.datasource.DriverManagerDataSource">
   <property name = "driverClassName" value = "oracle.jdbc.OracleDriver"/>
   <property name = "url"   value ="jdbc:oracle:thin:@localhost:1521:xe"/>
   <property name = "username" value = "system"/>
   <property name = "password" value = "Capgemini123"/>
</bean>



</beans>
